City,Price
Banashankari,8709543
KR Puram,24209807
BTM Layout,19386196
Whitefield,15923144
Whitefield,12524509
KR Puram,4385426
Marathahalli,8641285
HSR Layout,23402423
Indiranagar,13685714
Electronic City,19578760
Jayanagar,24215118
KR Puram,27232851
Malleshwaram,21776512
HSR Layout,24892533
Bellandur,25132771
Bellandur,15251719
Banashankari,6158234
Bellandur,11350508
Hebbal,6707930
Jayanagar,17772666
Whitefield,18612012
Malleshwaram,13310752
BTM Layout,25917888
Hebbal,29071905
BTM Layout,10355924
Rajajinagar,19141231
BTM Layout,24723202
Sarjapur Road,19211215
HSR Layout,4569793
KR Puram,4226667
Banashankari,12297366
Yelahanka,17376899
Hebbal,27700015
Yelahanka,16209408
Indiranagar,17155808
Hebbal,24792806
Indiranagar,18752580
KR Puram,22023877
HSR Layout,27145374
Indiranagar,7765845
Whitefield,6744499
Yelahanka,26670661
Yelahanka,28387648
Whitefield,5776262
Jayanagar,19027375
Marathahalli,18926526
Whitefield,15673741
KR Puram,22393722
Rajajinagar,21786010
Electronic City,15918949
HSR Layout,24329737
Whitefield,29757231
Indiranagar,21710338
Hebbal,4154127
BTM Layout,4029355
Jayanagar,21545577
HSR Layout,4358953
Banashankari,27886381
Whitefield,25336037
Bellandur,6761290
Whitefield,10099583
Yelahanka,29328585
Yelahanka,13256450
Rajajinagar,7323556
Banashankari,14096755
Hebbal,18899240
Marathahalli,23857659
BTM Layout,29253528
HSR Layout,22598680
Malleshwaram,22459355
Malleshwaram,8432432
HSR Layout,21898965
Hebbal,20600085
Banashankari,7242604
Whitefield,13734202
Jayanagar,4880178
Jayanagar,13256073
Jayanagar,13521925
Whitefield,7061526
Whitefield,28672029
Banashankari,24025833
Yelahanka,12849629
Malleshwaram,29824972
Indiranagar,7362626
Banashankari,23680132
Sarjapur Road,11409762
Electronic City,27603993
KR Puram,11637254
Jayanagar,6399548
Indiranagar,5634037
Sarjapur Road,25466105
Malleshwaram,26220200
KR Puram,22788510
Banashankari,23472525
Malleshwaram,15632176
Rajajinagar,5186533
Whitefield,19778123
Banashankari,29394936
HSR Layout,8509298
Malleshwaram,17438523
Sarjapur Road,12206295
Yelahanka,20558301
Rajajinagar,7549510
Indiranagar,26166970
Sarjapur Road,20122352
Yelahanka,6201829
Malleshwaram,4774744
Whitefield,5446738
BTM Layout,29673095
Indiranagar,8218949
Indiranagar,9948206
Whitefield,7667205
Banashankari,25139633
Rajajinagar,23559522
Electronic City,10439852
Whitefield,22943240
Marathahalli,19034980
Electronic City,19928777
Marathahalli,24968673
Electronic City,8542162
Rajajinagar,6543037
Electronic City,13695861
Hebbal,4307887
Whitefield,15797609
Indiranagar,19418824
Hebbal,23222581
Jayanagar,18358619
Bellandur,19787016
Banashankari,22539273
Electronic City,26438943
Malleshwaram,19577598
Marathahalli,8472197
Electronic City,4031764
Electronic City,19459384
Electronic City,7817054
Electronic City,19274598
Electronic City,4679364
Rajajinagar,9360549
Rajajinagar,20331425
Bellandur,4289121
Hebbal,7533817
Yelahanka,11123849
Sarjapur Road,12213878
Yelahanka,6372829
BTM Layout,23290526
Hebbal,22435945
Bellandur,4945674
Electronic City,25470488
Banashankari,26664650
Bellandur,23882623
Rajajinagar,13502128
Electronic City,4465749
HSR Layout,14129707
Marathahalli,5528987
Malleshwaram,6590105
Hebbal,9417963
Malleshwaram,19558773
HSR Layout,20017494
KR Puram,16861985
Electronic City,6938664
Banashankari,15626228
Electronic City,24236117
HSR Layout,15905964
Whitefield,24357905
Rajajinagar,9686396
Bellandur,12367843
Bellandur,16203606
Banashankari,25537294
KR Puram,9031587
Marathahalli,15687780
Jayanagar,17437628
Banashankari,27271134
BTM Layout,18093132
HSR Layout,28202399
Whitefield,11586122
Indiranagar,20071959
Banashankari,13550700
Whitefield,5935913
KR Puram,24320901
Malleshwaram,19087651
Malleshwaram,22142639
Electronic City,16608925
Malleshwaram,23353302
Electronic City,16325660
BTM Layout,18670559
Hebbal,28503033
Jayanagar,5108000
KR Puram,23717535
Bellandur,15993835
Yelahanka,25742906
Whitefield,25184801
Marathahalli,6795385
Yelahanka,21218627
Sarjapur Road,15897453
Whitefield,26650937
KR Puram,23051999
Yelahanka,14905457
Marathahalli,12036700
Malleshwaram,5014153
HSR Layout,14040938
Jayanagar,16549455
Bellandur,11493851
Sarjapur Road,26799291
Rajajinagar,7646577
Sarjapur Road,28278568
Malleshwaram,17890055
Yelahanka,20229270
HSR Layout,16432992
HSR Layout,22264816
Marathahalli,7914379
Indiranagar,22651049
Indiranagar,17276422
Jayanagar,8555545
Whitefield,7205003
Banashankari,8628403
Indiranagar,6049330
Indiranagar,5174834
Malleshwaram,26018234
Hebbal,4269375
Hebbal,12887429
Marathahalli,12539798
Jayanagar,15736782
HSR Layout,22355755
Yelahanka,4725756
HSR Layout,20280887
Electronic City,28729985
Yelahanka,22392816
Hebbal,14242253
Jayanagar,16195317
Malleshwaram,25818304
Jayanagar,4929946
Electronic City,24603048
BTM Layout,6226517
Marathahalli,17784824
Hebbal,10437557
Yelahanka,12321938
Rajajinagar,22779216
Marathahalli,12837943
Marathahalli,7747972
Indiranagar,18590035
Sarjapur Road,28677652
Rajajinagar,12181303
Whitefield,22788008
Jayanagar,18288742
Yelahanka,13644277
BTM Layout,19107747
Rajajinagar,28213031
Electronic City,4744940
Jayanagar,28900254
Yelahanka,19675360
Whitefield,17919762
Bellandur,6988581
Bellandur,5240834
Jayanagar,6018419
Sarjapur Road,18822483
Indiranagar,29338290
KR Puram,27750943
Rajajinagar,17510190
Rajajinagar,6798044
HSR Layout,5561206
Electronic City,16151181
Marathahalli,8843875
Indiranagar,14825903
Bellandur,9577487
Sarjapur Road,27952016
Indiranagar,17754609
Jayanagar,10386267
Whitefield,4680460
Yelahanka,11023528
Rajajinagar,10309793
Malleshwaram,20632231
Sarjapur Road,16632445
Electronic City,4523654
Bellandur,10389261
Banashankari,13719304
Jayanagar,7496855
Sarjapur Road,11338710
BTM Layout,11301345
Hebbal,23931826
Whitefield,27288147
Electronic City,4994400
Electronic City,6851051
Yelahanka,7441782
Hebbal,12459136
Hebbal,10105258
Yelahanka,7298316
Jayanagar,8924616
Banashankari,26991502
Rajajinagar,16555437
Bellandur,18920041
Marathahalli,22507888
Marathahalli,27676781
HSR Layout,8512185
Yelahanka,14776915
Rajajinagar,22605620
Sarjapur Road,19097108
Banashankari,25559456
Banashankari,7928658
Whitefield,18527892
Indiranagar,26651291
Marathahalli,19955798
Marathahalli,15274272
Banashankari,15468970
Malleshwaram,21443850
Banashankari,11203202
Hebbal,13112152
KR Puram,13002992
Malleshwaram,27655995
Yelahanka,19933358
Jayanagar,9935393
Indiranagar,20052409
Electronic City,11736403
KR Puram,5377849
Rajajinagar,5138789
Yelahanka,27099375
Malleshwaram,19703756
Rajajinagar,29694689
Hebbal,14228402
Hebbal,5223886
KR Puram,10016203
Hebbal,12056986
Electronic City,24064394
Indiranagar,6922044
Rajajinagar,14446088
Yelahanka,14258460
Electronic City,20637427
KR Puram,22039528
Bellandur,19065716
Sarjapur Road,9618757
Indiranagar,4469235
Sarjapur Road,20165332
Bellandur,8040621
BTM Layout,29831021
Bellandur,11963804
HSR Layout,4017419
Marathahalli,29644290
Jayanagar,14768898
KR Puram,4789912
KR Puram,6428104
Whitefield,22382270
Electronic City,24920752
Yelahanka,29451943
HSR Layout,24511551
HSR Layout,5034697
Hebbal,27135060
HSR Layout,22346264
Marathahalli,19410133
Banashankari,22141834
HSR Layout,20923082
Banashankari,7621580
Electronic City,22859913
HSR Layout,26093284
Hebbal,27405897
Electronic City,5382557
Sarjapur Road,11047689
Yelahanka,24018789
Electronic City,4859425
Bellandur,11690113
Malleshwaram,24170619
Hebbal,18308300
Marathahalli,25332207
Malleshwaram,9695549
Hebbal,21781655
Electronic City,7918511
Electronic City,9498050
Hebbal,12429540
HSR Layout,28292588
Sarjapur Road,25447323
Hebbal,15077971
Yelahanka,21968132
Sarjapur Road,25538954
HSR Layout,10976632
Indiranagar,7309675
HSR Layout,25991713
Banashankari,4067042
Bellandur,11662820
Banashankari,16560334
Jayanagar,10953742
Electronic City,28751452
Yelahanka,9135289
HSR Layout,19404777
Jayanagar,9370130
Sarjapur Road,26158595
Sarjapur Road,18486927
Yelahanka,23119610
Indiranagar,18412576
Marathahalli,17294463
HSR Layout,7691002
Yelahanka,27921723
Sarjapur Road,4270617
Yelahanka,5014888
Whitefield,24866701
Electronic City,23250939
Whitefield,6374419
Rajajinagar,7620026
Hebbal,11719000
Electronic City,11708640
Indiranagar,5439915
Hebbal,21027675
HSR Layout,11027190
Rajajinagar,5196817
Marathahalli,16817714
Jayanagar,27888898
Marathahalli,27646313
Bellandur,14884892
Marathahalli,11318243
BTM Layout,7298675
Jayanagar,25309950
KR Puram,9908832
Yelahanka,23811958
KR Puram,24805849
KR Puram,19375323
Bellandur,26911323
Indiranagar,26183409
Hebbal,12810721
Whitefield,9248988
Banashankari,25920154
Banashankari,14706011
Yelahanka,18737560
KR Puram,14284967
Electronic City,15011028
Jayanagar,18625868
HSR Layout,25684645
HSR Layout,29461822
Bellandur,4399191
Indiranagar,24617030
Rajajinagar,12521273
Electronic City,14939945
BTM Layout,18136539
Indiranagar,9400766
Hebbal,7034637
Bellandur,23831942
Sarjapur Road,19863916
Jayanagar,6007853
Malleshwaram,21545923
Marathahalli,22658633
Malleshwaram,23912959
Whitefield,6458119
Bellandur,24456776
BTM Layout,17533686
BTM Layout,27594828
Sarjapur Road,4902770
Malleshwaram,19697397
KR Puram,12427967
Bellandur,21423487
Banashankari,24758548
Whitefield,25213444
Sarjapur Road,29938370
Indiranagar,9081915
HSR Layout,17957535
KR Puram,4465204
Jayanagar,10853511
Sarjapur Road,7077385
Marathahalli,15864458
Whitefield,19659798
Bellandur,4047969
Rajajinagar,26624108
Banashankari,11304531
Jayanagar,20936016
Electronic City,8187213
Electronic City,9862406
Rajajinagar,15969249
HSR Layout,22571038
Banashankari,25766203
HSR Layout,16510859
Banashankari,26921844
Yelahanka,14216880
Hebbal,26147292
Jayanagar,23521294
Bellandur,16664605
Whitefield,17479284
Malleshwaram,21792660
Jayanagar,15542905
Sarjapur Road,24741849
Electronic City,8963926
Whitefield,12282847
Banashankari,19894867
HSR Layout,29649039
Hebbal,9460173
KR Puram,13681031
BTM Layout,8501413
Jayanagar,9281320
HSR Layout,23393984
Banashankari,24382034
Bellandur,18919685
Jayanagar,24285647
Rajajinagar,15038751
KR Puram,12947973
Malleshwaram,16018566
Rajajinagar,17929145
Bellandur,18043583
Yelahanka,25845018
Rajajinagar,7125716
Hebbal,29537288
Marathahalli,18098479
Sarjapur Road,13452665
Malleshwaram,9027247
Sarjapur Road,23488467
Banashankari,29803465
Indiranagar,22741411
